{"errors":[],"warnings":[],"namedChunkGroups":{"app":{"chunks":[12,2],"assets":["webpack-runtime-5bdf097a39a142944519.js","webpack-runtime-5bdf097a39a142944519.js.map","app-2cd68a4bc352dfb6ba99.js","app-2cd68a4bc352dfb6ba99.js.map"],"children":{},"childAssets":{}},"component---src-templates-blog-post-js":{"chunks":[0,13,1,9],"assets":["0-bf05d92c7a61c9dcea6e.js","0-bf05d92c7a61c9dcea6e.js.map","13-d6b7e21b40d68f007fa1.js","13-d6b7e21b40d68f007fa1.js.map","1.974718a1f4a668d5a7ef.css","1-d615180f86f45de50e63.js","1-d615180f86f45de50e63.js.map","component---src-templates-blog-post-js-8510f9efee87bda55794.js","component---src-templates-blog-post-js-8510f9efee87bda55794.js.map"],"children":{},"childAssets":{}},"component---src-templates-tags-js":{"chunks":[0,1,10],"assets":["0-bf05d92c7a61c9dcea6e.js","0-bf05d92c7a61c9dcea6e.js.map","1.974718a1f4a668d5a7ef.css","1-d615180f86f45de50e63.js","1-d615180f86f45de50e63.js.map","component---src-templates-tags-js-f20378c5e9e8fda58258.js","component---src-templates-tags-js-f20378c5e9e8fda58258.js.map"],"children":{},"childAssets":{}},"component---src-templates-blog-index-js":{"chunks":[0,1,8],"assets":["0-bf05d92c7a61c9dcea6e.js","0-bf05d92c7a61c9dcea6e.js.map","1.974718a1f4a668d5a7ef.css","1-d615180f86f45de50e63.js","1-d615180f86f45de50e63.js.map","component---src-templates-blog-index-js-56b7272dbd60df6dc3dd.js","component---src-templates-blog-index-js-56b7272dbd60df6dc3dd.js.map"],"children":{},"childAssets":{}},"component---src-pages-404-js":{"chunks":[0,1,3],"assets":["0-bf05d92c7a61c9dcea6e.js","0-bf05d92c7a61c9dcea6e.js.map","1.974718a1f4a668d5a7ef.css","1-d615180f86f45de50e63.js","1-d615180f86f45de50e63.js.map","component---src-pages-404-js-667cc3728373c516a329.js","component---src-pages-404-js-667cc3728373c516a329.js.map"],"children":{},"childAssets":{}},"component---src-pages-contact-js":{"chunks":[0,1,4],"assets":["0-bf05d92c7a61c9dcea6e.js","0-bf05d92c7a61c9dcea6e.js.map","1.974718a1f4a668d5a7ef.css","1-d615180f86f45de50e63.js","1-d615180f86f45de50e63.js.map","component---src-pages-contact-js-6cbb6c10ccb3ef08b9ea.js","component---src-pages-contact-js-6cbb6c10ccb3ef08b9ea.js.map"],"children":{},"childAssets":{}},"component---src-pages-index-js":{"chunks":[0,1,5],"assets":["0-bf05d92c7a61c9dcea6e.js","0-bf05d92c7a61c9dcea6e.js.map","1.974718a1f4a668d5a7ef.css","1-d615180f86f45de50e63.js","1-d615180f86f45de50e63.js.map","component---src-pages-index-js-a6071d222c05767ca3b1.js","component---src-pages-index-js-a6071d222c05767ca3b1.js.map"],"children":{},"childAssets":{}},"component---src-pages-resume-js":{"chunks":[0,1,6],"assets":["0-bf05d92c7a61c9dcea6e.js","0-bf05d92c7a61c9dcea6e.js.map","1.974718a1f4a668d5a7ef.css","1-d615180f86f45de50e63.js","1-d615180f86f45de50e63.js.map","component---src-pages-resume-js.b6e753ac5603a0fbb007.css","component---src-pages-resume-js-d44ea67e93524bcbc4ec.js","component---src-pages-resume-js-d44ea67e93524bcbc4ec.js.map"],"children":{},"childAssets":{}},"component---src-pages-tags-js":{"chunks":[0,1,7],"assets":["0-bf05d92c7a61c9dcea6e.js","0-bf05d92c7a61c9dcea6e.js.map","1.974718a1f4a668d5a7ef.css","1-d615180f86f45de50e63.js","1-d615180f86f45de50e63.js.map","component---src-pages-tags-js-e81ca4e5520c32cc6830.js","component---src-pages-tags-js-e81ca4e5520c32cc6830.js.map"],"children":{},"childAssets":{}},"pages-manifest":{"chunks":[11],"assets":["pages-manifest-28ffc169841649d49c85.js","pages-manifest-28ffc169841649d49c85.js.map"],"children":{},"childAssets":{}}},"assetsByChunkName":{"app":["webpack-runtime-5bdf097a39a142944519.js","app-2cd68a4bc352dfb6ba99.js"],"component---src-templates-blog-post-js":["0-bf05d92c7a61c9dcea6e.js","13-d6b7e21b40d68f007fa1.js","1.974718a1f4a668d5a7ef.css","1-d615180f86f45de50e63.js","component---src-templates-blog-post-js-8510f9efee87bda55794.js"],"component---src-templates-tags-js":["0-bf05d92c7a61c9dcea6e.js","1.974718a1f4a668d5a7ef.css","1-d615180f86f45de50e63.js","component---src-templates-tags-js-f20378c5e9e8fda58258.js"],"component---src-templates-blog-index-js":["0-bf05d92c7a61c9dcea6e.js","1.974718a1f4a668d5a7ef.css","1-d615180f86f45de50e63.js","component---src-templates-blog-index-js-56b7272dbd60df6dc3dd.js"],"component---src-pages-404-js":["0-bf05d92c7a61c9dcea6e.js","1.974718a1f4a668d5a7ef.css","1-d615180f86f45de50e63.js","component---src-pages-404-js-667cc3728373c516a329.js"],"component---src-pages-contact-js":["0-bf05d92c7a61c9dcea6e.js","1.974718a1f4a668d5a7ef.css","1-d615180f86f45de50e63.js","component---src-pages-contact-js-6cbb6c10ccb3ef08b9ea.js"],"component---src-pages-index-js":["0-bf05d92c7a61c9dcea6e.js","1.974718a1f4a668d5a7ef.css","1-d615180f86f45de50e63.js","component---src-pages-index-js-a6071d222c05767ca3b1.js"],"component---src-pages-resume-js":["0-bf05d92c7a61c9dcea6e.js","1.974718a1f4a668d5a7ef.css","1-d615180f86f45de50e63.js","component---src-pages-resume-js.b6e753ac5603a0fbb007.css","component---src-pages-resume-js-d44ea67e93524bcbc4ec.js"],"component---src-pages-tags-js":["0-bf05d92c7a61c9dcea6e.js","1.974718a1f4a668d5a7ef.css","1-d615180f86f45de50e63.js","component---src-pages-tags-js-e81ca4e5520c32cc6830.js"],"pages-manifest":["pages-manifest-28ffc169841649d49c85.js"]}}